{"cameraMode":{"drawMode":0,"name":"Shaded","section":"Shading Mode"},"sceneLighting":false,"audioPlay":false,"sceneViewState":{"showFog":true,"showMaterialUpdate":false,"showSkybox":false,"showFlares":true,"showImageEffects":true,"showParticleSystems":true},"in2DMode":false,"pivot":{"x":0.11051329970359802,"y":1.0621364116668702,"z":0.8683639764785767},"rotation":{"x":0.21095611155033112,"y":-0.10855428129434586,"z":0.023581571877002717,"w":0.9711629152297974},"size":1.7087661027908326,"orthographic":false}