{"cameraMode":{"drawMode":0,"name":"Shaded","section":"Shading Mode"},"sceneLighting":true,"audioPlay":false,"sceneViewState":{"showFog":true,"showMaterialUpdate":false,"showSkybox":true,"showFlares":true,"showImageEffects":true,"showParticleSystems":true},"in2DMode":false,"pivot":{"x":-578.6704711914063,"y":-0.9925076961517334,"z":149.17916870117188},"rotation":{"x":0.2312047928571701,"y":-0.6232951879501343,"z":0.20018024742603303,"w":0.7197050452232361},"size":18.941131591796876,"orthographic":false}